timestamp,open,high,low,close,volume
2022-08-22T04:00:00+00:00,282.08,282.46,277.22,277.75,28900691
2022-08-23T04:00:00+00:00,276.44,278.86,275.4,276.44,19364552
2022-08-24T04:00:00+00:00,275.41,277.23,275.11,275.79,20931476
2022-08-25T04:00:00+00:00,277.33,279.02,274.52,278.85,19007754
2022-08-26T04:00:00+00:00,279.08,280.34,267.98,268.09,33875400
2022-08-29T04:00:00+00:00,265.85,267.4,263.85,265.23,22831112
2022-08-30T04:00:00+00:00,266.67,267.05,260.66,262.97,25799495
2022-08-31T04:00:00+00:00,265.39,267.11,261.33,261.47,29645255
2022-09-01T04:00:00+00:00,258.87,260.89,255.41,260.4,26127281
2022-09-02T04:00:00+00:00,261.695,264.74,254.47,256.06,26192064
2022-09-06T04:00:00+00:00,256.2,257.83,251.94,253.25,23801954
2022-09-07T04:00:00+00:00,254.7,258.83,253.22,258.09,27762263
2022-09-08T04:00:00+00:00,257.51,260.43,254.79,258.52,23625347
2022-09-09T04:00:00+00:00,260.5,265.23,260.29,264.46,25446660
2022-09-12T04:00:00+00:00,265.78,267.45,265.16,266.65,22170177
2022-09-13T04:00:00+00:00,258.84,260.4,251.59,251.99,40011911
2022-09-14T04:00:00+00:00,253.53,254.23,249.86,252.22,27571498
2022-09-15T04:00:00+00:00,249.77,251.4,244.02,245.38,35569718
2022-09-16T04:00:00+00:00,244.26,245.3,242.0627,244.74,51569173
2022-09-19T04:00:00+00:00,242.465,245.14,240.85,244.52,30174633
2022-09-20T04:00:00+00:00,242.065,243.51,239.64,242.45,29511244
2022-09-21T04:00:00+00:00,244.27,247.66,238.9,238.95,31366563
2022-09-22T04:00:00+00:00,237.8704,243.86,237.57,240.98,34068633
2022-09-23T04:00:00+00:00,239.54,241.13,235.2,237.92,37356801
2022-09-26T04:00:00+00:00,237.045,241.45,236.9,237.45,32050686
2022-09-27T04:00:00+00:00,239.98,241.8,234.5,236.41,30251575
2022-09-28T04:00:00+00:00,236.81,242.33,234.73,241.07,33459448
2022-09-29T04:00:00+00:00,238.89,239.95,234.41,237.5,31131681
2022-09-30T04:00:00+00:00,238.29,240.54,232.73,232.9,42777743
2022-10-03T04:00:00+00:00,235.41,241.61,234.66,240.74,33831186
2022-10-04T04:00:00+00:00,245.09,250.36,244.975,248.88,39478170
2022-10-05T04:00:00+00:00,245.99,250.58,244.1,249.2,22415518
2022-10-06T04:00:00+00:00,247.93,250.34,246.08,246.79,22878523
2022-10-07T04:00:00+00:00,240.902,241.32,233.17,234.24,43063645
2022-10-10T04:00:00+00:00,233.05,234.559,226.73,229.25,32094159
2022-10-11T04:00:00+00:00,227.62,229.06,224.11,225.41,33546265
2022-10-12T04:00:00+00:00,225.4,227.86,223.96,225.75,24165356
2022-10-13T04:00:00+00:00,219.85,236.1,219.13,234.24,47257197
2022-10-14T04:00:00+00:00,235.54,237.24,228.34,228.56,34833276
2022-10-17T04:00:00+00:00,235.82,238.96,235.135,237.53,33124166
2022-10-18T04:00:00+00:00,243.24,243.93,235.37,238.5,28887038
2022-10-19T04:00:00+00:00,237.04,239.61,234.29,236.48,22202907
2022-10-20T04:00:00+00:00,235.77,241.31,234.87,236.15,25167615
2022-10-21T04:00:00+00:00,234.74,243,234.5,242.12,32605213
2022-10-24T04:00:00+00:00,243.76,247.84,241.295,247.25,27945336
2022-10-25T04:00:00+00:00,247.26,251.04,245.83,250.66,38768519
2022-10-26T04:00:00+00:00,231.17,238.3,230.06,231.32,87595534
2022-10-27T04:00:00+00:00,231.04,233.69,225.78,226.75,44557402
2022-10-28T04:00:00+00:00,226.24,236.6,226.05,235.87,45416819
2022-10-31T04:00:00+00:00,233.76,234.92,231.15,232.13,33821790
2022-11-01T04:00:00+00:00,234.6,235.74,227.325,228.17,33470542
2022-11-02T04:00:00+00:00,229.46,231.3,220.04,220.1,43139968
2022-11-03T04:00:00+00:00,220.09,220.41,213.98,214.25,39909824
2022-11-04T04:00:00+00:00,217.55,221.59,213.431,221.39,40960067
2022-11-07T05:00:00+00:00,221.99,228.41,221.28,227.87,37207591
2022-11-08T05:00:00+00:00,228.7,231.65,225.84,228.87,30939016
2022-11-09T05:00:00+00:00,227.37,228.6327,224.33,224.51,31758066
2022-11-10T05:00:00+00:00,235.43,243.33,235,242.98,54286856
2022-11-11T05:00:00+00:00,242.99,247.99,241.93,247.11,38192557
2022-11-14T05:00:00+00:00,241.985,243.91,239.21,241.55,36437189
2022-11-15T05:00:00+00:00,245.66,247,240.03,241.97,35856696
2022-11-16T05:00:00+00:00,242.79,243.8,240.42,241.73,28628045
2022-11-17T05:00:00+00:00,237.78,243.25,237.63,241.68,26653131
2022-11-18T05:00:00+00:00,243.51,243.74,239.03,241.22,32677081
2022-11-21T05:00:00+00:00,241.43,244.67,241.19,242.05,29130373
2022-11-22T05:00:00+00:00,243.59,245.31,240.71,245.03,23425807
2022-11-23T05:00:00+00:00,245.105,248.28,244.27,247.58,21989631
2022-11-25T05:00:00+00:00,247.31,248.7,246.73,247.49,10598517
2022-11-28T05:00:00+00:00,246.08,246.65,240.8,241.76,28285348
2022-11-29T05:00:00+00:00,241.4,242.79,238.21,240.33,20100882
2022-11-30T05:00:00+00:00,240.57,255.33,239.86,255.14,58657775
2022-12-01T05:00:00+00:00,253.87,256.12,250.9156,254.69,30161778
2022-12-02T05:00:00+00:00,249.82,256.06,249.69,255.02,24457540
2022-12-05T05:00:00+00:00,252.01,253.819,248.06,250.2,26642573
2022-12-06T05:00:00+00:00,250.82,251.86,243.78,245.12,26419591
2022-12-07T05:00:00+00:00,244.83,246.16,242.205,244.37,24575170
2022-12-08T05:00:00+00:00,244.84,248.74,243.06,247.4,25536317
2022-12-09T05:00:00+00:00,244.695,248.31,244.16,245.42,24717011
2022-12-12T05:00:00+00:00,247.445,252.54,247.17,252.51,34730156
2022-12-13T05:00:00+00:00,261.69,263.915,253.07,256.92,47986675
2022-12-14T05:00:00+00:00,257.13,262.588,254.31,257.22,39044087
2022-12-15T05:00:00+00:00,253.72,254.2,247.34,249.01,41628258
2022-12-16T05:00:00+00:00,248.55,249.84,243.51,244.69,122788119
2022-12-19T05:00:00+00:00,244.86,245.21,238.71,240.45,34123158
2022-12-20T05:00:00+00:00,239.4,242.91,238.42,241.8,28916945
2022-12-21T05:00:00+00:00,241.69,245.615,240.11,244.43,26783778
2022-12-22T05:00:00+00:00,241.255,241.99,233.87,238.19,33019352
2022-12-23T05:00:00+00:00,236.11,238.87,233.9428,238.73,23203754
2022-12-27T05:00:00+00:00,238.7,238.93,235.83,236.96,19162129
2022-12-28T05:00:00+00:00,236.89,239.72,234.17,234.53,19858985
2022-12-29T05:00:00+00:00,235.65,241.92,235.65,241.01,22955547
2022-12-30T05:00:00+00:00,238.21,239.96,236.66,239.82,26352359
2023-01-03T05:00:00+00:00,243.08,245.75,237.4,239.58,29619534
2023-01-04T05:00:00+00:00,232.275,232.87,225.96,229.1,55137085
2023-01-05T05:00:00+00:00,227.2,227.55,221.7602,222.31,43602344
2023-01-06T05:00:00+00:00,223,225.7601,219.35,224.93,48614918
2023-01-09T05:00:00+00:00,226.45,231.2366,226.41,227.12,31083159
2023-01-10T05:00:00+00:00,227.755,231.31,227.33,228.85,30423858
2023-01-11T05:00:00+00:00,231.29,235.95,231.11,235.77,33167876
2023-01-12T05:00:00+00:00,235.26,239.9,233.56,238.51,30550938
2023-01-13T05:00:00+00:00,237.002,239.37,234.92,239.23,23980554
2023-01-17T05:00:00+00:00,237.97,240.91,237.09,240.35,34771039
2023-01-18T05:00:00+00:00,241.565,242.38,235.52,235.81,34211780
2023-01-19T05:00:00+00:00,233.78,235.52,230.68,231.93,32798816
2023-01-20T05:00:00+00:00,234.855,240.74,234.51,240.22,43426664
2023-01-23T05:00:00+00:00,241.1,245.165,239.65,242.58,35685742
2023-01-24T05:00:00+00:00,242.5,243.95,240.44,242.04,42385308
2023-01-25T05:00:00+00:00,234.48,243.3,230.9,240.61,69237533
2023-01-26T05:00:00+00:00,243.65,248.31,242,248,36538568
2023-01-27T05:00:00+00:00,248.99,249.83,246.83,248.16,30013694
2023-01-30T05:00:00+00:00,244.51,245.6,242.2,242.71,29072570
2023-01-31T05:00:00+00:00,243.45,247.95,242.945,247.81,32436875
2023-02-01T05:00:00+00:00,248,255.18,245.47,252.75,36054742
2023-02-02T05:00:00+00:00,258.82,264.69,257.25,264.6,40592625
2023-02-03T05:00:00+00:00,259.542,264.2,257.1,258.35,32695834
2023-02-06T05:00:00+00:00,257.44,258.3,254.78,256.77,25032115
2023-02-07T05:00:00+00:00,260.53,268.775,260.08,267.56,54939617
2023-02-08T05:00:00+00:00,273.2,276.76,266.21,266.73,58753972
2023-02-09T05:00:00+00:00,273.8,273.98,262.8,263.62,46112964
2023-02-10T05:00:00+00:00,261.53,264.09,260.662,263.1,28956581
2023-02-13T05:00:00+00:00,267.64,274.6,267.15,271.32,48341095
2023-02-14T05:00:00+00:00,272.67,274.97,269.28,272.17,40926147
2023-02-15T05:00:00+00:00,268.32,270.73,266.18,269.32,31706292
2023-02-16T05:00:00+00:00,264.02,266.74,261.9,262.15,33741350
2023-02-17T05:00:00+00:00,259.39,260.09,256,258.06,33447567
2023-02-21T05:00:00+00:00,254.48,255.49,251.59,252.67,34190867
2023-02-22T05:00:00+00:00,254.09,254.34,250.34,251.51,26297890
2023-02-23T05:00:00+00:00,255.56,256.84,250.48,254.77,32535378
2023-02-24T05:00:00+00:00,249.96,251,248.1,249.22,28620428
2023-02-27T05:00:00+00:00,252.46,252.82,249.39,250.16,23864108
2023-02-28T05:00:00+00:00,249.07,251.49,248.73,249.42,26152174
2023-03-01T05:00:00+00:00,250.76,250.93,245.79,246.27,31619169
2023-03-02T05:00:00+00:00,246.55,251.4,245.61,251.11,28735665
2023-03-03T05:00:00+00:00,252.19,255.62,251.39,255.29,35684701
2023-03-06T05:00:00+00:00,256.425,260.12,255.98,256.87,28207365
2023-03-07T05:00:00+00:00,256.3,257.69,253.39,254.15,24123088
2023-03-08T05:00:00+00:00,254.04,254.5417,250.81,253.7,19450823
2023-03-09T05:00:00+00:00,255.82,259.56,251.58,252.32,30200253
2023-03-10T05:00:00+00:00,251.08,252.79,247.6,248.59,31996859
2023-03-13T04:00:00+00:00,247.4,257.91,245.73,253.92,36954718
2023-03-14T04:00:00+00:00,256.75,261.07,255.86,260.79,39378537
2023-03-15T04:00:00+00:00,259.98,266.48,259.21,265.44,50898403
2023-03-16T04:00:00+00:00,265.205,276.56,263.28,276.2,60088255
2023-03-17T04:00:00+00:00,278.26,283.33,276.3201,279.43,88709971
2023-03-20T04:00:00+00:00,276.98,277.48,269.85,272.23,47384329
2023-03-21T04:00:00+00:00,274.88,275,269.5191,273.78,39630853
2023-03-22T04:00:00+00:00,273.4,281.04,272.18,272.29,37688258
2023-03-23T04:00:00+00:00,277.94,281.06,275.2,277.66,37057804
2023-03-24T04:00:00+00:00,277.24,280.63,275.28,280.57,31347505
2023-03-27T04:00:00+00:00,280.5,281.4589,275.52,276.38,30073276
2023-03-28T04:00:00+00:00,275.79,276.14,272.0451,275.23,24105856
2023-03-29T04:00:00+00:00,278.96,281.1398,278.41,280.51,29617592
2023-03-30T04:00:00+00:00,284.23,284.46,281.48,284.05,27457975
2023-03-31T04:00:00+00:00,283.73,289.27,283,288.3,33038542
2023-04-03T04:00:00+00:00,286.52,288.27,283.95,287.23,27511632
2023-04-04T04:00:00+00:00,287.23,290.4499,285.67,287.18,28756221
2023-04-05T04:00:00+00:00,285.85,287.15,282.92,284.34,24527199
2023-04-06T04:00:00+00:00,283.21,292.08,282.03,291.6,33158103
2023-04-10T04:00:00+00:00,289.208,289.6,284.71,289.39,25003020
2023-04-11T04:00:00+00:00,285.75,285.98,281.64,282.83,30042628
2023-04-12T04:00:00+00:00,284.79,287.01,281.96,283.49,27723054
2023-04-13T04:00:00+00:00,283.59,289.9,283.17,289.84,24481543
2023-04-14T04:00:00+00:00,287,288.48,283.69,286.14,23152824
2023-04-17T04:00:00+00:00,289.93,291.6,286.16,288.8,26656389
2023-04-18T04:00:00+00:00,291.57,291.755,287.01,288.37,23361219
2023-04-19T04:00:00+00:00,285.99,289.05,284.54,288.45,17150271
2023-04-20T04:00:00+00:00,285.25,289.03,285.08,286.11,26646612
2023-04-21T04:00:00+00:00,285.01,286.27,283.0608,285.76,25168225
2023-04-24T04:00:00+00:00,282.09,284.95,278.72,281.77,28910574
2023-04-25T04:00:00+00:00,279.51,281.6,275.37,275.42,50242043
2023-04-26T04:00:00+00:00,296.7,299.57,292.73,295.37,70241325
2023-04-27T04:00:00+00:00,295.97,305.2,295.25,304.83,46945695
2023-04-28T04:00:00+00:00,304.01,308.93,303.31,307.26,36820152
2023-05-01T04:00:00+00:00,306.97,308.6,305.15,305.56,23852134
2023-05-02T04:00:00+00:00,307.76,309.18,303.91,305.41,26788203
2023-05-03T04:00:00+00:00,306.62,308.61,304.09,304.4,25292234
2023-05-04T04:00:00+00:00,306.24,307.7626,303.4,305.41,24775390
2023-05-05T04:00:00+00:00,305.72,311.97,304.27,310.65,31503029
2023-05-08T04:00:00+00:00,310.13,310.2,306.09,308.65,23418630
2023-05-09T04:00:00+00:00,308,310.04,306.31,307,23754329
2023-05-10T04:00:00+00:00,308.62,313,307.67,312.31,33158209
2023-05-11T04:00:00+00:00,310.1,311.12,306.2601,310.11,31680179
2023-05-12T04:00:00+00:00,310.55,310.65,306.6,308.97,20024597
2023-05-15T04:00:00+00:00,309.095,309.905,307.59,309.46,18746866
2023-05-16T04:00:00+00:00,309.83,313.71,309.83,311.74,29574742
2023-05-17T04:00:00+00:00,312.29,314.43,310.74,314,29419136
2023-05-18T04:00:00+00:00,314.53,319.04,313.72,318.52,31396883
2023-05-19T04:00:00+00:00,316.74,318.75,316.37,318.34,32282676
2023-05-22T04:00:00+00:00,318.6,322.59,318.01,321.18,26158814
2023-05-23T04:00:00+00:00,320.03,322.72,315.25,315.26,30797173
2023-05-24T04:00:00+00:00,314.73,316.5,312.61,313.85,25838258
2023-05-25T04:00:00+00:00,323.24,326.9,320,325.92,47800926
2023-05-26T04:00:00+00:00,324.02,333.4,323.88,332.89,40925939
2023-05-30T04:00:00+00:00,335.23,335.74,330.52,331.21,33865984
2023-05-31T04:00:00+00:00,332.29,335.94,327.33,328.39,46389412
2023-06-01T04:00:00+00:00,325.93,333.53,324.72,332.58,30607866
2023-06-02T04:00:00+00:00,334.247,337.5,332.55,335.4,32676513
2023-06-05T04:00:00+00:00,335.22,338.5599,334.6601,335.94,21307588
2023-06-06T04:00:00+00:00,335.33,335.37,332.17,333.68,20395783
2023-06-07T04:00:00+00:00,331.65,334.49,322.5,323.38,40708583
2023-06-08T04:00:00+00:00,323.935,326.64,323.35,325.26,23286960
2023-06-09T04:00:00+00:00,324.99,329.99,324.41,326.79,22524508
2023-06-12T04:00:00+00:00,328.58,332.0999,325.16,331.85,24313889
2023-06-13T04:00:00+00:00,334.465,336.98,330.39,334.29,22950652
2023-06-14T04:00:00+00:00,334.34,339.04,332.81,337.34,25998659
2023-06-15T04:00:00+00:00,337.48,349.84,337.2,348.1,38897380
2023-06-16T04:00:00+00:00,351.32,351.47,341.95,342.33,46548777
2023-06-20T04:00:00+00:00,339.31,342.08,335.86,338.05,26375804
2023-06-21T04:00:00+00:00,336.37,337.73,332.07,333.56,25120187
2023-06-22T04:00:00+00:00,334.12,340.12,333.34,339.71,23558444
2023-06-23T04:00:00+00:00,334.36,337.96,333.45,335.02,23177273
2023-06-26T04:00:00+00:00,333.72,336.11,328.49,328.6,21526363
2023-06-27T04:00:00+00:00,331.86,336.15,329.3,334.57,24362340
2023-06-28T04:00:00+00:00,334.66,337.98,333.81,335.85,20262455
2023-06-29T04:00:00+00:00,334.71,336.11,332.62,335.05,16997043
2023-06-30T04:00:00+00:00,337.75,342.73,337.2,340.54,26349587
2023-07-03T04:00:00+00:00,339.19,340.9,336.571,337.99,12451557
2023-07-05T04:00:00+00:00,335.09,341.65,334.7276,338.15,18173737
2023-07-06T04:00:00+00:00,337.3,342.99,335.5,341.27,28201010
2023-07-07T04:00:00+00:00,339.32,341.79,337,337.22,21214826
2023-07-10T04:00:00+00:00,334.6,335.23,327.59,331.83,32794859
2023-07-11T04:00:00+00:00,331.06,332.86,327,332.47,26700893
2023-07-12T04:00:00+00:00,336.6,341.652,335.67,337.2,30004188
2023-07-13T04:00:00+00:00,339.56,343.74,339.02,342.66,20569655
2023-07-14T04:00:00+00:00,347.59,351.43,344.31,345.24,28405798
2023-07-17T04:00:00+00:00,345.678,346.99,342.2,345.73,20365359
2023-07-18T04:00:00+00:00,345.83,366.78,342.17,359.49,64897877
2023-07-19T04:00:00+00:00,361.75,362.46,352.435,355.08,39756715
2023-07-20T04:00:00+00:00,353.57,357.97,345.37,346.87,33793120
2023-07-21T04:00:00+00:00,349.15,350.3,339.83,343.77,70840628
2023-07-24T04:00:00+00:00,345.85,346.92,342.31,345.11,26724157
2023-07-25T04:00:00+00:00,347.11,351.89,345.07,350.98,42575359
2023-07-26T04:00:00+00:00,341.44,344.67,333.11,337.77,58395898
2023-07-27T04:00:00+00:00,340.48,341.33,329.05,330.72,39640054
2023-07-28T04:00:00+00:00,333.67,340.01,333.17,338.37,28484870
2023-07-31T04:00:00+00:00,336.92,337.695,333.36,335.92,25450981
2023-08-01T04:00:00+00:00,335.19,338.54,333.7,336.34,18400582
2023-08-02T04:00:00+00:00,333.63,333.63,326.3551,327.5,27774270
2023-08-03T04:00:00+00:00,326,329.88,325.95,326.66,18382066
2023-08-04T04:00:00+00:00,331.88,335.14,327.24,327.78,23741486
2023-08-07T04:00:00+00:00,328.37,331.11,327.52,330.11,17745211
2023-08-08T04:00:00+00:00,326.96,328.75,323,326.05,22354207
2023-08-09T04:00:00+00:00,326.47,327.11,321.0499,322.23,22391253
2023-08-10T04:00:00+00:00,326.015,328.26,321.18,322.93,20117873
2023-08-11T04:00:00+00:00,320.26,322.41,319.21,321.01,24355493
2023-08-14T04:00:00+00:00,321.39,324.06,320.08,324.04,18840722
2023-08-15T04:00:00+00:00,323,325.09,320.9034,321.86,16969729
2023-08-16T04:00:00+00:00,320.8,324.42,319.8035,320.4,20706814
2023-08-17T04:00:00+00:00,320.54,321.87,316.21,316.88,21262655
2023-08-18T04:00:00+00:00,314.49,318.38,311.5508,316.48,24755014
2023-08-21T04:00:00+00:00,317.93,322.77,317.04,321.88,24048533
2023-08-22T04:00:00+00:00,325.5,326.075,321.46,322.46,16104320
2023-08-23T04:00:00+00:00,323.82,329.2,323.46,327,21179863
2023-08-24T04:00:00+00:00,332.85,332.98,319.96,319.97,23285880
2023-08-25T04:00:00+00:00,321.47,325.36,318.8001,322.98,21792081
2023-08-28T04:00:00+00:00,325.66,326.15,321.722,323.7,14809598
2023-08-29T04:00:00+00:00,321.88,328.9835,321.88,328.41,19289890
2023-08-30T04:00:00+00:00,328.67,329.81,326.445,328.79,15223971
2023-08-31T04:00:00+00:00,329.2,330.9099,326.78,327.76,26413736
2023-09-01T04:00:00+00:00,331.31,331.99,326.78,328.66,14942025
2023-09-05T04:00:00+00:00,329,334.85,328.66,333.55,18556234
2023-09-06T04:00:00+00:00,333.38,334.46,330.18,332.88,17537335
2023-09-07T04:00:00+00:00,331.29,333.08,329.03,329.91,18382963
2023-09-08T04:00:00+00:00,330.09,336.16,329.46,334.27,19548167
2023-09-11T04:00:00+00:00,337.24,338.42,335.43,337.94,16586124
2023-09-12T04:00:00+00:00,335.815,336.79,331.48,331.77,17928243
2023-09-13T04:00:00+00:00,331.31,336.85,331.17,336.06,16546047
2023-09-14T04:00:00+00:00,339.148,340.86,336.57,338.7,20271452
2023-09-15T04:00:00+00:00,336.92,337.3975,329.65,330.22,37679793
2023-09-18T04:00:00+00:00,327.8,330.4,326.36,329.06,16835277
2023-09-19T04:00:00+00:00,326.17,329.39,324.51,328.65,16515949
2023-09-20T04:00:00+00:00,329.51,329.59,320.51,320.77,21444218
2023-09-21T04:00:00+00:00,319.26,325.3499,315,319.53,35563727
2023-09-22T04:00:00+00:00,321.32,321.45,316.15,317.01,21447887
2023-09-25T04:00:00+00:00,316.59,317.67,315,317.54,17838514
2023-09-26T04:00:00+00:00,315.13,315.88,310.02,312.14,26303883
2023-09-27T04:00:00+00:00,312.3,314.299,309.69,312.79,19414202
2023-09-28T04:00:00+00:00,310.99,315.48,309.45,313.64,19705208
2023-09-29T04:00:00+00:00,317.75,319.47,314.98,315.75,24147300
2023-10-02T04:00:00+00:00,316.28,321.888,315.18,321.8,20576408
2023-10-03T04:00:00+00:00,320.83,321.39,311.215,313.39,21036379
2023-10-04T04:00:00+00:00,314.03,320.04,314,318.955,20724959
2023-10-05T04:00:00+00:00,319.09,319.98,314.9,319.36,16967927
2023-10-06T04:00:00+00:00,316.55,329.19,316.3,327.26,25673632
2023-10-09T04:00:00+00:00,324.75,330.3,323.18,329.82,19895466
2023-10-10T04:00:00+00:00,330.96,331.1,327.67,328.39,20559279
2023-10-11T04:00:00+00:00,331.21,332.82,329.14,332.42,20066879
2023-10-12T04:00:00+00:00,330.565,333.6299,328.72,331.16,19316464
2023-10-13T04:00:00+00:00,332.38,333.83,326.36,327.73,21085697
2023-10-16T04:00:00+00:00,331.05,336.14,330.6,332.64,22159802
2023-10-17T04:00:00+00:00,329.59,333.46,327.41,332.06,18341661
2023-10-18T04:00:00+00:00,332.49,335.59,328.3,330.11,23161658
2023-10-19T04:00:00+00:00,332.15,336.88,330.91,331.32,25056937
2023-10-20T04:00:00+00:00,331.72,331.92,325.45,326.67,25027715
2023-10-23T04:00:00+00:00,325.47,332.725,324.39,329.32,24376489
2023-10-24T04:00:00+00:00,331.3,331.84,327.6,330.53,31604295
2023-10-25T04:00:00+00:00,345.02,346.2,337.62,340.67,55084330
2023-10-26T04:00:00+00:00,340.54,341.63,326.94,327.89,37856804
2023-10-27T04:00:00+00:00,330.425,336.72,328.4007,329.81,29856524
2023-10-30T04:00:00+00:00,333.41,339.45,331.83,337.31,22829528
2023-10-31T04:00:00+00:00,338.85,339,334.69,338.11,20266157
2023-11-01T04:00:00+00:00,339.79,347.42,339.65,346.07,28162158
2023-11-02T04:00:00+00:00,347.24,348.83,344.77,348.32,24359896
2023-11-03T04:00:00+00:00,349.63,354.39,347.33,352.8,23637675
2023-11-06T05:00:00+00:00,353.45,357.54,353.35,356.53,23832657
2023-11-07T05:00:00+00:00,359.4,362.46,357.63,360.53,25840227
2023-11-08T05:00:00+00:00,361.68,363.87,360.55,363.2,26773191
2023-11-09T05:00:00+00:00,362.3,364.79,360.362,360.69,24859227
2023-11-10T05:00:00+00:00,361.49,370.1,361.07,369.67,28065165
2023-11-13T05:00:00+00:00,368.22,368.47,365.9,366.68,19992293
2023-11-14T05:00:00+00:00,371.01,371.95,367.3454,370.27,27691788
2023-11-15T05:00:00+00:00,371.28,373.13,367.11,369.67,26871924
2023-11-16T05:00:00+00:00,370.96,376.35,370.18,376.17,27185636
2023-11-17T05:00:00+00:00,373.61,374.37,367,369.85,40325372
2023-11-20T05:00:00+00:00,371.22,378.87,371,377.44,52540574
2023-11-21T05:00:00+00:00,375.67,376.2215,371.12,373.07,28443429
2023-11-22T05:00:00+00:00,378,379.7899,374.965,377.85,23362349
2023-11-24T05:00:00+00:00,377.33,377.97,375.135,377.43,10176651
2023-11-27T05:00:00+00:00,376.78,380.64,376.2,378.61,22182355
2023-11-28T05:00:00+00:00,378.35,383,378.16,382.7,20457971
2023-11-29T05:00:00+00:00,383.76,384.3,377.44,378.85,28967214
2023-11-30T05:00:00+00:00,378.49,380.09,375.47,378.91,31179048
2023-12-01T05:00:00+00:00,376.76,378.16,371.31,374.51,33040472
2023-12-04T05:00:00+00:00,369.1,369.52,362.9,369.14,32068877
2023-12-05T05:00:00+00:00,366.45,373.075,365.621,372.52,23070400
2023-12-06T05:00:00+00:00,373.54,374.18,368.03,368.8,21184316
2023-12-07T05:00:00+00:00,368.23,371.4527,366.32,370.95,23121215
2023-12-08T05:00:00+00:00,369.2,374.46,368.23,374.23,20154366
2023-12-11T05:00:00+00:00,368.48,371.6,366.1,371.3,27713533
2023-12-12T05:00:00+00:00,370.85,374.42,370.46,374.38,24853135
2023-12-13T05:00:00+00:00,376.02,377.6361,370.77,374.37,30955589
2023-12-14T05:00:00+00:00,373.31,373.76,364.13,365.93,43281200
2023-12-15T05:00:00+00:00,366.85,372.4,366.28,370.73,78502424
2023-12-18T05:00:00+00:00,369.45,373,368.68,372.65,21804069
2023-12-19T05:00:00+00:00,371.49,373.26,369.84,373.26,20605745
2023-12-20T05:00:00+00:00,375,376.03,370.53,370.62,26322034
2023-12-21T05:00:00+00:00,372.56,374.41,370.04,373.54,17709860
2023-12-22T05:00:00+00:00,373.68,375.18,372.71,374.58,17107484
2023-12-26T05:00:00+00:00,375,376.94,373.5,374.66,12673397
2023-12-27T05:00:00+00:00,373.69,375.06,372.8116,374.07,14906842
2023-12-28T05:00:00+00:00,375.37,376.458,374.16,375.28,14328694
2023-12-29T05:00:00+00:00,376,377.16,373.48,376.04,18730838
2024-01-02T05:00:00+00:00,373.86,375.9,366.771,370.87,25263217
2024-01-03T05:00:00+00:00,369.01,373.2562,368.51,370.6,23087200
2024-01-04T05:00:00+00:00,370.665,373.1,367.17,367.94,20903636
2024-01-05T05:00:00+00:00,368.97,372.06,366.5,367.75,21004575
2024-01-08T05:00:00+00:00,369.3,375.2,369.01,374.69,23138403
2024-01-09T05:00:00+00:00,372.01,375.99,371.19,375.79,20832365
2024-01-10T05:00:00+00:00,376.37,384.17,376.32,382.77,25518405
2024-01-11T05:00:00+00:00,386,390.68,380.38,384.63,27855837
2024-01-12T05:00:00+00:00,385.49,388.68,384.65,388.47,21661173
2024-01-16T05:00:00+00:00,393.66,394.03,387.6229,390.27,27203507
2024-01-17T05:00:00+00:00,387.98,390.11,384.81,389.47,22235872
2024-01-18T05:00:00+00:00,391.72,393.99,390.12,393.87,23396386
2024-01-19T05:00:00+00:00,395.76,398.67,393.5,398.67,29331136
2024-01-22T05:00:00+00:00,400.02,400.62,393.59,396.51,27020638
2024-01-23T05:00:00+00:00,395.75,399.38,393.93,398.9,20530250
2024-01-24T05:00:00+00:00,401.54,405.63,400.45,402.56,24872010
2024-01-25T05:00:00+00:00,404.32,407.01,402.5294,404.87,21032928
2024-01-26T05:00:00+00:00,404.37,406.17,402.43,403.93,17803271
2024-01-29T05:00:00+00:00,406.06,409.98,404.33,409.72,24510234
2024-01-30T05:00:00+00:00,412.26,413.05,406.4501,408.59,33477610
2024-01-31T05:00:00+00:00,406.96,415.32,397.21,397.58,47871097
2024-02-01T05:00:00+00:00,401.83,408,401.8,403.78,30657726
2024-02-02T05:00:00+00:00,403.81,412.65,403.56,411.22,28227070
2024-02-05T05:00:00+00:00,409.9,411.16,403.99,405.65,25352286
2024-02-06T05:00:00+00:00,405.88,407.97,402.91,405.49,18382624
2024-02-07T05:00:00+00:00,407.44,414.3,407.4,414.05,22340526
2024-02-08T05:00:00+00:00,414.05,415.56,412.53,414.11,21225257
2024-02-09T05:00:00+00:00,415.25,420.82,415.09,420.55,22032844
2024-02-12T05:00:00+00:00,420.555,420.74,414.75,415.26,21202921
2024-02-13T05:00:00+00:00,404.94,410.071,403.39,406.32,27824936
2024-02-14T05:00:00+00:00,408.07,409.84,404.57,409.49,20401190
2024-02-15T05:00:00+00:00,408.14,409.13,404.29,406.56,21825525
2024-02-16T05:00:00+00:00,407.96,408.29,403.44,404.06,22296495
2024-02-20T05:00:00+00:00,403.24,404.49,398.01,402.79,24307915
2024-02-21T05:00:00+00:00,400.17,402.29,397.22,402.18,18631072
2024-02-22T05:00:00+00:00,410.19,412.83,408.57,411.65,27009869
2024-02-23T05:00:00+00:00,415.67,415.86,408.97,410.34,16295879
2024-02-26T05:00:00+00:00,411.455,412.16,407.36,407.54,16193505
2024-02-27T05:00:00+00:00,407.99,408.32,403.85,407.48,14835827
2024-02-28T05:00:00+00:00,408.175,409.3,405.3201,407.72,13183125
2024-02-29T05:00:00+00:00,408.64,414.2,405.92,413.64,31947263
2024-03-01T05:00:00+00:00,411.27,415.87,410.88,415.5,17823445
2024-03-04T05:00:00+00:00,413.44,417.35,412.32,414.92,17595956
2024-03-05T05:00:00+00:00,413.96,414.25,400.64,402.65,26923077
2024-03-06T05:00:00+00:00,402.97,405.16,398.39,402.09,22344149
2024-03-07T05:00:00+00:00,406.12,409.78,402.24,409.14,18718479
2024-03-08T05:00:00+00:00,407.96,410.42,404.33,406.22,18002186
2024-03-11T04:00:00+00:00,403.762,405.68,401.26,404.52,16120752
2024-03-12T04:00:00+00:00,407.62,415.57,406.79,415.28,22457003
2024-03-13T04:00:00+00:00,418.1,418.18,411.45,415.1,17115931
2024-03-14T04:00:00+00:00,420.24,427.82,417.99,425.22,34157299
2024-03-15T04:00:00+00:00,419.29,422.6,412.79,416.42,45079903
2024-03-18T04:00:00+00:00,414.25,420.73,413.78,417.32,20105977
2024-03-19T04:00:00+00:00,417.83,421.6656,415.55,421.41,19837915
2024-03-20T04:00:00+00:00,422,425.96,420.66,425.23,17860085
2024-03-21T04:00:00+00:00,429.83,430.82,427.16,429.37,21296222
2024-03-22T04:00:00+00:00,429.7,429.86,426.07,428.74,17648473
2024-03-25T04:00:00+00:00,425.24,427.41,421.61,422.86,18060450
2024-03-26T04:00:00+00:00,425.61,425.99,421.35,421.65,16725647
2024-03-27T04:00:00+00:00,424.44,424.45,419.01,421.43,16704978
2024-03-28T04:00:00+00:00,420.96,421.87,419.12,420.72,21871161
2024-04-01T04:00:00+00:00,423.95,427.89,422.22,424.57,16315961
2024-04-02T04:00:00+00:00,420.11,422.38,417.84,421.44,17911992
2024-04-03T04:00:00+00:00,419.73,423.26,419.085,420.45,16502264
2024-04-04T04:00:00+00:00,424.99,428.67,417.57,417.88,19370875
2024-04-05T04:00:00+00:00,420.01,426.51,418.32,425.52,16554896
2024-04-08T04:00:00+00:00,425.17,427.28,423.3,424.59,14272387
2024-04-09T04:00:00+00:00,426.44,427.74,421.62,426.28,12512289
2024-04-10T04:00:00+00:00,422.19,424.03,419.7,423.26,16216581
2024-04-11T04:00:00+00:00,425.82,429.37,422.36,427.93,17966423
2024-04-12T04:00:00+00:00,424.05,425.1794,419.77,421.9,19256798
2024-04-15T04:00:00+00:00,426.6,426.82,413.43,413.64,20273538
2024-04-16T04:00:00+00:00,414.57,418.4,413.7301,414.58,16765616
2024-04-17T04:00:00+00:00,417.25,418.88,410.33,411.84,15855485
2024-04-18T04:00:00+00:00,410.63,411.89,403.95,404.27,21029917
2024-04-19T04:00:00+00:00,404.03,405.48,397.77,399.12,30293989
2024-04-22T04:00:00+00:00,400.08,402.85,395.75,400.96,20286875
2024-04-23T04:00:00+00:00,404.235,408.2,403.06,407.57,15734501
2024-04-24T04:00:00+00:00,409.56,412.47,406.78,409.06,15065330
2024-04-25T04:00:00+00:00,394.03,399.8899,388.03,399.04,40586450
2024-04-26T04:00:00+00:00,412.17,413,405.7601,406.32,29694654
2024-04-29T04:00:00+00:00,405.25,406.32,399.19,402.25,19582091
2024-04-30T04:00:00+00:00,401.49,402.16,389.17,389.33,28781374
2024-05-01T04:00:00+00:00,392.61,401.7199,390.31,394.94,23562481
2024-05-02T04:00:00+00:00,397.66,399.93,394.6515,397.84,17709364
2024-05-03T04:00:00+00:00,402.28,407.15,401.86,406.66,17446724
2024-05-06T04:00:00+00:00,408.76,413.93,406.3701,413.54,16996639
2024-05-07T04:00:00+00:00,414.66,414.67,409.09,409.34,20018228
2024-05-08T04:00:00+00:00,408.17,412.23,406.7132,410.54,11792308
2024-05-09T04:00:00+00:00,410.57,412.72,409.1,412.32,14689727
2024-05-10T04:00:00+00:00,412.935,415.38,411.8,414.74,13402281
2024-05-13T04:00:00+00:00,418.01,418.348,410.82,413.72,15440226
2024-05-14T04:00:00+00:00,412.02,417.49,411.55,416.56,15109306
2024-05-15T04:00:00+00:00,417.9,423.81,417.27,423.08,22239533
2024-05-16T04:00:00+00:00,421.8,425.42,420.35,420.99,17530050
2024-05-17T04:00:00+00:00,422.54,422.92,418.025,420.21,15352239
2024-05-20T04:00:00+00:00,420.21,426.77,419.99,425.34,16292137
2024-05-21T04:00:00+00:00,426.825,432.97,424.85,429.04,21453255
2024-05-22T04:00:00+00:00,430.09,432.41,427.13,430.52,18073698
2024-05-23T04:00:00+00:00,432.97,433.6,425.424,427,17211689
2024-05-24T04:00:00+00:00,427.19,431.055,424.41,430.16,11855285
2024-05-28T04:00:00+00:00,429.63,430.82,426.6,430.32,15718024
2024-05-29T04:00:00+00:00,425.69,430.94,425.69,429.17,15517130
2024-05-30T04:00:00+00:00,424.3,424.3,414.24,414.67,28424847
2024-05-31T04:00:00+00:00,416.75,416.75,404.51,415.13,47995250
2024-06-03T04:00:00+00:00,415.525,416.43,408.9234,413.52,17484675
2024-06-04T04:00:00+00:00,412.43,416.44,409.675,416.07,14348917
2024-06-05T04:00:00+00:00,417.81,424.08,416.3,424.01,16988038
2024-06-06T04:00:00+00:00,424.01,425.31,420.58,424.52,14861251
2024-06-07T04:00:00+00:00,426.2,426.28,423,423.85,13621650
2024-06-10T04:00:00+00:00,424.7,428.08,423.89,427.87,14003034
2024-06-11T04:00:00+00:00,425.475,432.82,425.25,432.68,14551101
2024-06-12T04:00:00+00:00,435.32,443.4,433.25,441.06,22366233
2024-06-13T04:00:00+00:00,440.85,443.39,439.37,441.58,15960565
2024-06-14T04:00:00+00:00,438.275,443.1376,436.721,442.57,13581985
2024-06-17T04:00:00+00:00,442.585,450.94,440.72,448.37,20790030
2024-06-18T04:00:00+00:00,449.705,450.14,444.89,446.34,17112504
2024-06-20T04:00:00+00:00,446.3,446.53,441.27,445.7,19877378
2024-06-21T04:00:00+00:00,447.38,450.58,446.51,449.78,34486172
2024-06-24T04:00:00+00:00,449.8,452.75,446.41,447.67,15913719
2024-06-25T04:00:00+00:00,448.25,451.42,446.75,450.95,16747529
2024-06-26T04:00:00+00:00,449,453.6,448.19,452.16,16507030
2024-06-27T04:00:00+00:00,452.175,456.17,451.77,452.85,14806324
2024-06-28T04:00:00+00:00,453.07,455.38,446.41,446.95,28220056
2024-07-01T04:00:00+00:00,448.66,457.37,445.66,456.73,17662818
2024-07-02T04:00:00+00:00,453.2,459.59,453.113,459.28,13979779
2024-07-03T04:00:00+00:00,458.19,461.02,457.88,460.77,9932830
2024-07-05T04:00:00+00:00,459.61,468.35,458.965,467.56,16000290
2024-07-08T04:00:00+00:00,466.55,467.7,464.46,466.24,12962321
2024-07-09T04:00:00+00:00,467,467.33,458,459.54,17228507
2024-07-10T04:00:00+00:00,461.22,466.46,458.855,466.25,18196100
2024-07-11T04:00:00+00:00,462.98,464.78,451.55,454.7,23111175
2024-07-12T04:00:00+00:00,454.325,456.36,450.645,453.55,16324274
2024-07-15T04:00:00+00:00,453.3,457.26,451.43,453.96,14429447
2024-07-16T04:00:00+00:00,454.22,454.3,446.66,449.52,17175679
2024-07-17T04:00:00+00:00,442.59,444.85,439.18,443.52,21754021
2024-07-18T04:00:00+00:00,444.34,444.65,434.4,440.37,20794822
2024-07-19T04:00:00+00:00,433.1,441.14,432,437.11,20940417
2024-07-22T04:00:00+00:00,441.79,444.6,438.9125,442.94,15808755
2024-07-23T04:00:00+00:00,443.895,448.39,443.1,444.85,13107050
2024-07-24T04:00:00+00:00,440.45,441.48,427.585,428.9,26805800
2024-07-25T04:00:00+00:00,428.8,429.8,417.51,418.4,29943795
2024-07-26T04:00:00+00:00,418.2,428.915,417.27,425.27,23583839
2024-07-29T04:00:00+00:00,431.58,432.15,424.7042,426.73,15125836
2024-07-30T04:00:00+00:00,427.72,429.05,417.36,422.92,32687578
2024-07-31T04:00:00+00:00,420.495,421.775,412.21,418.35,42891366
2024-08-01T04:00:00+00:00,420.785,427.46,413.0901,417.11,30296400
2024-08-02T04:00:00+00:00,412.49,415,404.34,408.49,29437900
2024-08-05T04:00:00+00:00,389.17,401.04,385.58,395.15,40709238
2024-08-06T04:00:00+00:00,400,405.67,398.5,399.61,24946525
2024-08-07T04:00:00+00:00,408.635,410.08,397.47,398.43,20650906
2024-08-08T04:00:00+00:00,402.44,405.86,399.9407,402.69,20203030
2024-08-09T04:00:00+00:00,404.03,408.05,402.2624,406.02,19276666
2024-08-12T04:00:00+00:00,407.06,408.76,404.2434,406.81,16762883
2024-08-13T04:00:00+00:00,409.59,414.95,409.57,414.01,19414271
2024-08-14T04:00:00+00:00,414.8,417.72,412.4456,416.86,18266980
2024-08-15T04:00:00+00:00,419.8,421.11,417.66,421.03,20752144
2024-08-16T04:00:00+00:00,420.6,421.34,417.3,418.47,22775593
2024-08-19T04:00:00+00:00,418.96,421.75,416.46,421.53,15233957
2024-08-20T04:00:00+00:00,421.7,425.86,421.64,424.8,16387581
2024-08-21T04:00:00+00:00,424.075,426.4,421.72,424.14,16067298
2024-08-22T04:00:00+00:00,424.36,426.7899,414.61,415.55,19361901
2024-08-23T04:00:00+00:00,416.98,419.26,412.09,416.79,18493784
2024-08-26T04:00:00+00:00,416.365,417.2799,411.34,413.49,13152830
2024-08-27T04:00:00+00:00,412.86,414.36,410.25,413.84,13492911
2024-08-28T04:00:00+00:00,414.88,415,407.31,410.6,14882660
2024-08-29T04:00:00+00:00,414.94,422.05,410.6,413.12,17045241
2024-08-30T04:00:00+00:00,415.6,417.49,412.13,417.14,24308324
2024-09-03T04:00:00+00:00,417.91,419.88,407.03,409.44,20313603
2024-09-04T04:00:00+00:00,405.91,411.24,404.37,408.9,15135806
2024-09-05T04:00:00+00:00,407.62,413.1,406.13,408.39,14195516
2024-09-06T04:00:00+00:00,409.06,410.65,400.8,401.7,19609526
2024-09-09T04:00:00+00:00,407.24,408.65,402.15,405.72,15295134
2024-09-10T04:00:00+00:00,408.2,416.33,407.7,414.2,19594287
2024-09-11T04:00:00+00:00,415.5,423.99,409.58,423.04,19266923
2024-09-12T04:00:00+00:00,423.31,427.3692,419.75,427,17418759
2024-09-13T04:00:00+00:00,425.825,431.83,425.46,430.59,15874555
2024-09-16T04:00:00+00:00,430.6,433.53,428.22,431.34,13834697
2024-09-17T04:00:00+00:00,440.23,441.85,432.27,435.15,18874231
2024-09-18T04:00:00+00:00,435,436.03,430.41,430.81,18898042
2024-09-19T04:00:00+00:00,441.225,441.5,436.9,438.69,21706559
2024-09-20T04:00:00+00:00,437.22,439.24,434.22,435.27,55167106
2024-09-23T04:00:00+00:00,434.28,436.46,430.3889,433.51,15128891
2024-09-24T04:00:00+00:00,433,433.35,426.1,429.17,17015754
2024-09-25T04:00:00+00:00,429.83,433.119,428.57,432.11,13396364
2024-09-26T04:00:00+00:00,435.085,435.3,429.13,431.31,14492044
2024-09-27T04:00:00+00:00,431.52,431.85,427.47,428.02,14896131
2024-09-30T04:00:00+00:00,428.21,430.42,425.37,430.3,16854606
2024-10-01T04:00:00+00:00,428.45,428.48,418.81,420.69,19092945
2024-10-02T04:00:00+00:00,422.58,422.82,416.71,417.13,16582257
2024-10-03T04:00:00+00:00,417.63,419.55,414.29,416.54,13686421
2024-10-04T04:00:00+00:00,418.24,419.75,414.97,416.06,19190913
2024-10-07T04:00:00+00:00,416,417.11,409,409.54,20919761
2024-10-08T04:00:00+00:00,410.9,415.66,408.17,414.71,19229261
2024-10-09T04:00:00+00:00,415.86,420.38,414.3,417.46,14974257
2024-10-10T04:00:00+00:00,415.225,417.35,413.15,415.84,13848376
2024-10-11T04:00:00+00:00,416.135,417.13,413.25,416.32,14144944
2024-10-14T04:00:00+00:00,417.77,424.04,417.52,419.14,16653086
2024-10-15T04:00:00+00:00,422.18,422.48,415.26,418.74,18900201
2024-10-16T04:00:00+00:00,415.17,416.36,410.48,416.12,15508932
2024-10-17T04:00:00+00:00,422.36,422.5,415.59,416.72,14820004
2024-10-18T04:00:00+00:00,417.14,419.65,416.2601,418.16,17145317
2024-10-21T04:00:00+00:00,416.12,418.96,413.7501,418.78,14206115
2024-10-22T04:00:00+00:00,418.49,430.5793,418.04,427.51,25482197
2024-10-23T04:00:00+00:00,430.855,431.08,422.53,424.6,19654379
2024-10-24T04:00:00+00:00,425.325,425.9782,422.4,424.73,13581631
2024-10-25T04:00:00+00:00,426.76,432.52,426.565,428.15,16899064
2024-10-28T04:00:00+00:00,431.655,431.94,426.3,426.59,14882444
2024-10-29T04:00:00+00:00,428,433.17,425.8001,431.95,17644080
2024-10-30T04:00:00+00:00,437.435,438.5,432.1,432.53,29749149
2024-10-31T04:00:00+00:00,415.36,416.16,406.3,406.35,53970981
2024-11-01T04:00:00+00:00,409.01,415.5,407.5,410.37,24230442
2024-11-04T05:00:00+00:00,409.8,410.415,405.5713,408.46,19672286
2024-11-05T05:00:00+00:00,408.37,414.9,408.08,411.46,17626011
2024-11-06T05:00:00+00:00,412.42,420.45,410.52,420.18,26681842
2024-11-07T05:00:00+00:00,421.28,426.85,419.88,425.43,19901782
2024-11-08T05:00:00+00:00,425.32,426.5,421.78,422.54,16891414
2024-11-11T05:00:00+00:00,422.515,424.81,416,418.01,24503321
2024-11-12T05:00:00+00:00,418.25,424.44,417.2,423.03,19401204
2024-11-13T05:00:00+00:00,421.64,429.325,418.21,425.2,21502185
2024-11-14T05:00:00+00:00,425,428.17,420,426.89,30246881
2024-11-15T05:00:00+00:00,419.82,422.8,413.64,415,28247644
2024-11-18T05:00:00+00:00,414.87,418.4037,412.1,415.76,24745055
2024-11-19T05:00:00+00:00,413.11,417.94,411.55,417.79,18133529
2024-11-20T05:00:00+00:00,416.87,417.29,410.58,415.49,19325534
2024-11-21T05:00:00+00:00,419.5,419.78,410.2887,412.87,20780162
2024-11-22T05:00:00+00:00,411.365,417.4,411.06,417,24814626
2024-11-25T05:00:00+00:00,418.38,421.08,414.85,418.79,27691090
2024-11-26T05:00:00+00:00,419.585,429.0414,418.85,427.99,23458889
2024-11-27T05:00:00+00:00,425.105,427.2299,422.02,422.99,18332444
2024-11-29T05:00:00+00:00,420.09,424.8849,417.8,423.46,16271921
2024-12-02T05:00:00+00:00,421.57,433,421.31,430.98,20207223
2024-12-03T05:00:00+00:00,429.84,432.47,427.74,431.2,18301987
2024-12-04T05:00:00+00:00,433.03,439.67,432.63,437.42,26009429
2024-12-05T05:00:00+00:00,437.92,444.66,436.171,442.62,21697775
2024-12-06T05:00:00+00:00,442.3,446.1,441.7703,443.57,18821002
2024-12-09T05:00:00+00:00,442.6,448.33,440.5,446.02,19144388
2024-12-10T05:00:00+00:00,444.39,449.62,441.6,443.33,18469459
2024-12-11T05:00:00+00:00,444.05,450.35,444.05,448.99,19200208
2024-12-12T05:00:00+00:00,449.11,456.1648,449.11,449.56,20834779
2024-12-13T05:00:00+00:00,448.435,451.43,445.58,447.27,20177833
2024-12-16T05:00:00+00:00,447.27,452.18,445.28,451.59,23598834
2024-12-17T05:00:00+00:00,451.01,455.29,449.57,454.46,22733494
2024-12-18T05:00:00+00:00,451.32,452.65,437.02,437.39,24444545
2024-12-19T05:00:00+00:00,441.62,443.1834,436.32,437.03,22963681
2024-12-20T05:00:00+00:00,433.11,443.74,428.63,436.6,64263694
2024-12-23T05:00:00+00:00,436.74,437.65,432.83,435.25,19152519
2024-12-24T05:00:00+00:00,434.65,439.6,434.19,439.33,7164543
2024-12-26T05:00:00+00:00,439.08,440.94,436.63,438.11,8199927
2024-12-27T05:00:00+00:00,434.6,435.22,426.35,430.53,18117713
2024-12-30T05:00:00+00:00,426.06,427.55,421.9,424.83,13158703
2024-12-31T05:00:00+00:00,426.1,426.73,420.66,421.5,13246509
2025-01-02T05:00:00+00:00,425.53,426.07,414.85,418.58,16896469
2025-01-03T05:00:00+00:00,421.08,424.03,419.54,423.35,16662943
2025-01-06T05:00:00+00:00,428,434.32,425.4774,427.85,20573648
2025-01-07T05:00:00+00:00,429,430.65,420.8,422.37,18139065
2025-01-08T05:00:00+00:00,423.46,426.97,421.54,424.56,15054575
2025-01-10T05:00:00+00:00,424.63,424.71,415.02,418.95,20201132
2025-01-13T05:00:00+00:00,415.235,418.5,412.29,417.19,17604780
2025-01-14T05:00:00+00:00,417.81,419.74,410.72,415.67,16935857
2025-01-15T05:00:00+00:00,419.13,428.15,418.265,426.31,19637838
2025-01-16T05:00:00+00:00,428.695,429.49,424.39,424.58,15300023
2025-01-17T05:00:00+00:00,434.085,434.48,428.17,429.03,26197507
2025-01-21T05:00:00+00:00,430.2,430.8999,425.595,428.5,26085703
2025-01-22T05:00:00+00:00,437.56,447.27,436,446.2,27803811
2025-01-23T05:00:00+00:00,442,446.75,441.5048,446.71,18389270
2025-01-24T05:00:00+00:00,445.16,446.65,441.4,444.06,15549453
2025-01-27T05:00:00+00:00,424.01,435.2,423.5,434.56,35647805
2025-01-28T05:00:00+00:00,434.6,448.38,431.38,447.2,23491703
2025-01-29T05:00:00+00:00,446.69,446.88,440.4,442.33,23581370
2025-01-30T05:00:00+00:00,418.77,422.86,413.16,414.99,54586260
2025-01-31T05:00:00+00:00,418.98,420.69,414.91,415.06,34223388
2025-02-03T05:00:00+00:00,411.6,415.41,408.66,410.92,25649334
2025-02-04T05:00:00+00:00,412.685,413.9199,409.74,412.37,20384293
2025-02-05T05:00:00+00:00,412.35,413.827,410.4,413.29,16336188
2025-02-06T05:00:00+00:00,414,418.2,414,415.82,16309755
2025-02-07T05:00:00+00:00,416.48,418.65,408.1,409.75,22761117
2025-02-10T05:00:00+00:00,413.71,415.4624,410.92,412.22,20806118
2025-02-11T05:00:00+00:00,409.64,412.49,409.3,411.44,18140592
2025-02-12T05:00:00+00:00,407.21,410.75,404.3673,409.04,19121734
2025-02-13T05:00:00+00:00,407,411,406.36,410.54,23891731
2025-02-14T05:00:00+00:00,407.79,408.91,405.88,408.43,22758464
2025-02-18T05:00:00+00:00,408,410.597,406.5,409.64,21423051
2025-02-19T05:00:00+00:00,407.88,415.49,407.65,414.77,24099715
2025-02-20T05:00:00+00:00,415.29,419.31,412.54,416.13,23508728
2025-02-21T05:00:00+00:00,417.335,418.048,407.89,408.21,27524799
2025-02-24T05:00:00+00:00,408.51,409.37,399.32,404,26443656
2025-02-25T05:00:00+00:00,401.1,401.915,396.7,397.9,29387402
2025-02-26T05:00:00+00:00,398.01,403.6,394.245,399.73,19618954
2025-02-27T05:00:00+00:00,401.265,405.74,392.17,392.53,21127406
2025-02-28T05:00:00+00:00,392.655,397.63,386.57,396.99,32845658
2025-03-03T05:00:00+00:00,398.82,398.82,386.155,388.49,23007726
2025-03-04T05:00:00+00:00,383.4,392.58,381,388.61,29342923
2025-03-05T05:00:00+00:00,389.34,401.67,388.81,401.02,23433132
2025-03-06T05:00:00+00:00,394.28,402.15,392.6777,396.89,23304625
2025-03-07T05:00:00+00:00,392.32,394.8,385.54,393.31,22034087
2025-03-10T04:00:00+00:00,385.84,386.4,377.22,380.16,32840134
2025-03-11T04:00:00+00:00,379,386,376.91,380.45,30380177
2025-03-12T04:00:00+00:00,382.95,385.2165,378.9507,383.27,24253567
2025-03-13T04:00:00+00:00,383.155,385.32,377.45,378.77,20473017
2025-03-14T04:00:00+00:00,379.775,390.23,379.51,388.56,19952846
2025-03-17T04:00:00+00:00,386.7,392.705,385.57,388.7,22474272
2025-03-18T04:00:00+00:00,387.07,387.37,381.1,383.52,19486850
2025-03-19T04:00:00+00:00,385.525,389.68,384,387.82,19185532
2025-03-20T04:00:00+00:00,385.735,391.785,383.28,386.84,18470542
2025-03-21T04:00:00+00:00,383.215,391.74,382.8,391.26,39675928
2025-03-24T04:00:00+00:00,395.4,395.4,389.81,393.08,21004548
2025-03-25T04:00:00+00:00,393.915,396.36,392.64,395.16,15774968
2025-03-26T04:00:00+00:00,395,395.31,388.57,389.97,16132906
2025-03-27T04:00:00+00:00,390.13,392.24,387.395,390.58,13766761
2025-03-28T04:00:00+00:00,388.08,389.13,376.93,378.8,21632016
2025-03-31T04:00:00+00:00,372.535,377.07,367.24,375.39,35184173
2025-04-01T04:00:00+00:00,374.65,382.85,373.23,382.19,19689503
2025-04-02T04:00:00+00:00,377.965,385.08,376.62,382.14,16092555
2025-04-03T04:00:00+00:00,374.785,377.48,369.35,373.11,30197957
2025-04-04T04:00:00+00:00,364.125,374.59,359.48,359.84,49209110
2025-04-07T04:00:00+00:00,350.88,370.9999,344.79,357.86,50424998
2025-04-08T04:00:00+00:00,368.255,373.65,350.25,354.56,35866421
2025-04-09T04:00:00+00:00,353.535,393.225,353.1,390.49,50194732
2025-04-10T04:00:00+00:00,382.06,383.9,367.8,381.35,38024368
2025-04-11T04:00:00+00:00,380.635,390.05,378.89,388.45,23839220
2025-04-14T04:00:00+00:00,393.22,394.65,384.21,387.81,19251172
2025-04-15T04:00:00+00:00,388.505,391.89,384.1599,385.73,17199890
2025-04-16T04:00:00+00:00,380.67,381.61,368,371.61,21967826
2025-04-17T04:00:00+00:00,373.745,374.3215,366.89,367.78,21120167
2025-04-21T04:00:00+00:00,362.815,364.48,355.67,359.12,20807279
2025-04-22T04:00:00+00:00,363.375,367.77,359.8602,366.82,19484845
2025-04-23T04:00:00+00:00,376.06,380.39,373.02,374.39,20545526
2025-04-24T04:00:00+00:00,375.695,388.45,375.19,387.3,22232289
2025-04-25T04:00:00+00:00,387,392.16,384.6,391.85,18973165
2025-04-28T04:00:00+00:00,391.955,392.74,386.638,391.16,16579430
2025-04-29T04:00:00+00:00,391.3,395.1,390.38,394.04,14973976
2025-04-30T04:00:00+00:00,390.3,396.66,384.44,395.26,36461075
2025-05-01T04:00:00+00:00,431.11,436.99,424.9,425.4,58938100
2025-05-02T04:00:00+00:00,431.74,439.44,429.985,435.28,30757434
2025-05-05T04:00:00+00:00,432.87,439.5,432.11,436.17,20136053
2025-05-06T04:00:00+00:00,432.2,437.73,431.17,433.31,15104204
2025-05-07T04:00:00+00:00,433.84,438.12,431.1103,433.35,23307241
2025-05-08T04:00:00+00:00,437.93,443.67,435.66,438.17,23491330
2025-05-09T04:00:00+00:00,440,440.74,435.88,438.73,15324233
2025-05-12T04:00:00+00:00,445.94,449.37,439.78,449.26,22821935
2025-05-13T04:00:00+00:00,447.78,450.6733,445.36,449.14,23618819
2025-05-14T04:00:00+00:00,448.14,453.9,448.14,452.94,19902796
2025-05-15T04:00:00+00:00,450.765,456.19,450.4301,453.13,21992323
